-- --------------------------------------------------------
-- Hôte :                        127.0.0.1
-- Version du serveur:           5.7.19 - MySQL Community Server (GPL)
-- SE du serveur:                Win64
-- HeidiSQL Version:             9.5.0.5196
-- --------------------------------------------------------

/*!40101 SET @OLD_CHARACTER_SET_CLIENT=@@CHARACTER_SET_CLIENT */;
/*!40101 SET NAMES utf8 */;
/*!50503 SET NAMES utf8mb4 */;
/*!40014 SET @OLD_FOREIGN_KEY_CHECKS=@@FOREIGN_KEY_CHECKS, FOREIGN_KEY_CHECKS=0 */;
/*!40101 SET @OLD_SQL_MODE=@@SQL_MODE, SQL_MODE='NO_AUTO_VALUE_ON_ZERO' */;


-- Export de la structure de la base pour camprieucros
CREATE DATABASE IF NOT EXISTS `camprieucros` /*!40100 DEFAULT CHARACTER SET latin1 */;
USE `camprieucros`;

-- Export de la structure de la table camprieucros. admins
CREATE TABLE IF NOT EXISTS `admins` (
  `idAdm` int(10) NOT NULL AUTO_INCREMENT,
  `mailAdm` char(50) DEFAULT NULL,
  `mdpAdm` char(50) DEFAULT NULL,
  PRIMARY KEY (`idAdm`)
) ENGINE=MyISAM AUTO_INCREMENT=3 DEFAULT CHARSET=latin1;

-- Export de données de la table camprieucros.admins : 2 rows
/*!40000 ALTER TABLE `admins` DISABLE KEYS */;
INSERT INTO `admins` (`idAdm`, `mailAdm`, `mdpAdm`) VALUES
	(1, 'admin', 'admin'),
	(2, 'monsuperadm', 'adm2');
/*!40000 ALTER TABLE `admins` ENABLE KEYS */;

-- Export de la structure de la table camprieucros. bornes
CREATE TABLE IF NOT EXISTS `bornes` (
  `idB` int(10) NOT NULL AUTO_INCREMENT,
  `nomB` char(50) NOT NULL,
  `LAG` float NOT NULL,
  `LONG` float NOT NULL,
  `idT` int(10) DEFAULT NULL,
  `idIG` int(10) DEFAULT NULL,
  `idInfo` int(10) DEFAULT NULL,
  PRIMARY KEY (`idB`),
  KEY `Borne_FK` (`idT`),
  KEY `Borne_FK2` (`idIG`),
  KEY `Borne_FK3` (`idInfo`)
) ENGINE=MyISAM AUTO_INCREMENT=7 DEFAULT CHARSET=latin1;

-- Export de données de la table camprieucros.bornes : 6 rows
/*!40000 ALTER TABLE `bornes` DISABLE KEYS */;
INSERT INTO `bornes` (`idB`, `nomB`, `LAG`, `LONG`, `idT`, `idIG`, `idInfo`) VALUES
	(1, 'Portail', 44.5299, 3.48012, 1, 2, NULL),
	(2, 'Ruisseau', 44.5274, 3.4825, 3, 3, 3),
	(3, 'Stèle', 44.5279, 3.48216, 4, NULL, 2),
	(4, 'Chemin', 44.5289, 3.48179, 12, 6, NULL),
	(5, 'Vue génerale', 44.5254, 3.48203, NULL, NULL, NULL),
	(6, 'Rocher des espagnoles', 44.5311, 3.48055, 2, NULL, NULL);
/*!40000 ALTER TABLE `bornes` ENABLE KEYS */;

-- Export de la structure de la table camprieucros. ci_sessions
CREATE TABLE IF NOT EXISTS `ci_sessions` (
  `id` varchar(128) NOT NULL,
  `ip_address` varchar(50) DEFAULT NULL,
  `timestamp` int(10) DEFAULT NULL,
  `data` blob,
  PRIMARY KEY (`id`)
) ENGINE=MyISAM DEFAULT CHARSET=latin1;

-- Export de données de la table camprieucros.ci_sessions : 103 rows
/*!40000 ALTER TABLE `ci_sessions` DISABLE KEYS */;
INSERT INTO `ci_sessions` (`id`, `ip_address`, `timestamp`, `data`) VALUES
	('oehh8jl0erdjo6qbu51oir9t5p9bpem2', '::1', 1552302190, _binary 0x5F5F63695F6C6173745F726567656E65726174657C693A313535323330323139303B61646D696E7C623A313B),
	('lgof2iu8ggtaj5787gthqvg2198ks3fq', '::1', 1552302500, _binary 0x5F5F63695F6C6173745F726567656E65726174657C693A313535323330323530303B61646D696E7C623A303B7C4E3B),
	('ah5bohpcebt2sroe0njubegonr27ft27', '::1', 1552302928, _binary 0x5F5F63695F6C6173745F726567656E65726174657C693A313535323330323932383B61646D696E7C623A313B7C4E3B),
	('o32o4eouphidu90m7m3rsb4jprarsaj1', '::1', 1552308773, _binary 0x5F5F63695F6C6173745F726567656E65726174657C693A313535323330383737333B61646D696E7C623A313B7C4E3B),
	('mb3f1dj33d0v9h2jp44cma4k2jdfkg0g', '::1', 1552309992, _binary 0x5F5F63695F6C6173745F726567656E65726174657C693A313535323330393939323B61646D696E7C623A313B7C4E3B),
	('lc9frbrahdta123qp7j2uef4mmmprapl', '::1', 1552311085, _binary 0x5F5F63695F6C6173745F726567656E65726174657C693A313535323331313038353B61646D696E7C623A303B7C4E3B),
	('opbptdujfmijf19g1gr4g2vtrnvmmqss', '::1', 1552311142, _binary 0x5F5F63695F6C6173745F726567656E65726174657C693A313535323331313038353B61646D696E7C623A313B7C4E3B),
	('vo8dpmkvthbjnb5q3qrrj2i8584skp4m', '::1', 1552319722, _binary 0x5F5F63695F6C6173745F726567656E65726174657C693A313535323331393732323B61646D696E7C623A313B),
	('9o5pbokhqt6lbhqce678vqr7tnvh92ud', '::1', 1552320077, _binary 0x5F5F63695F6C6173745F726567656E65726174657C693A313535323332303037373B61646D696E7C623A313B),
	('isf6r24rkmjbingvloruhrgkl07b4ucg', '::1', 1552320084, _binary 0x5F5F63695F6C6173745F726567656E65726174657C693A313535323332303037373B61646D696E7C623A313B),
	('0si485ti0cpj0c90dr73dbgolonphd4g', '::1', 1552380319, _binary 0x5F5F63695F6C6173745F726567656E65726174657C693A313535323338303331393B61646D696E7C623A303B7C4E3B),
	('u3c6sip1ono9g83g9fsfndu677f7tkpi', '::1', 1552380725, _binary 0x5F5F63695F6C6173745F726567656E65726174657C693A313535323338303732353B61646D696E7C623A303B7C4E3B),
	('di73ubmp543k43qicp264t720hbsutse', '::1', 1552381048, _binary 0x5F5F63695F6C6173745F726567656E65726174657C693A313535323338313034383B61646D696E7C623A303B7C4E3B),
	('rbkanvuqtj3krd30eqdpudm9q2ptc2t2', '::1', 1552382542, _binary 0x5F5F63695F6C6173745F726567656E65726174657C693A313535323338323534323B61646D696E7C623A303B7C4E3B),
	('5ck0gg9pva0ff22vh5omn4gspbsu2ofs', '::1', 1552383159, _binary 0x5F5F63695F6C6173745F726567656E65726174657C693A313535323338333135393B61646D696E7C623A303B7C4E3B),
	('ukp7ce28apgpr767vngqlsiqvdmais6e', '::1', 1552383462, _binary 0x5F5F63695F6C6173745F726567656E65726174657C693A313535323338333436323B61646D696E7C623A303B7C4E3B),
	('80igec5sbsq1q7tuvdqkncqasj87oehf', '::1', 1552385045, _binary 0x5F5F63695F6C6173745F726567656E65726174657C693A313535323338353034353B61646D696E7C623A303B7C4E3B),
	('c3s8am7vppdn6r6q1jk2ikcjk216cfjo', '::1', 1552385600, _binary 0x5F5F63695F6C6173745F726567656E65726174657C693A313535323338353630303B61646D696E7C623A303B7C4E3B),
	('5bunanqfe12roilp4mbmm77mmjta70lr', '::1', 1552386850, _binary 0x5F5F63695F6C6173745F726567656E65726174657C693A313535323338363835303B61646D696E7C623A303B7C4E3B),
	('786r49v0fco5rk08gj3rkr7p5sqonj01', '::1', 1552387564, _binary 0x5F5F63695F6C6173745F726567656E65726174657C693A313535323338373536343B61646D696E7C623A303B7C4E3B),
	('sdg4np3mkeusqcqs7fe1cgjidshpef0k', '::1', 1552388237, _binary 0x5F5F63695F6C6173745F726567656E65726174657C693A313535323338383233373B61646D696E7C623A303B7C4E3B),
	('dnt1v6iq1n9c7pa93habkdgafarskqgm', '::1', 1552388679, _binary 0x5F5F63695F6C6173745F726567656E65726174657C693A313535323338383637393B61646D696E7C623A303B7C4E3B),
	('66uve8dopollebj2tga6b1p56ibg67ha', '::1', 1552389228, _binary 0x5F5F63695F6C6173745F726567656E65726174657C693A313535323338393232383B61646D696E7C623A303B7C4E3B),
	('o7rip1ba9g528cpjv5q4u7o5gkjgkgki', '::1', 1552390629, _binary 0x5F5F63695F6C6173745F726567656E65726174657C693A313535323339303632393B61646D696E7C623A303B7C4E3B),
	('b30ecvd95kqu6mjldlf199c7f191e57u', '::1', 1552395949, _binary 0x5F5F63695F6C6173745F726567656E65726174657C693A313535323339353934393B61646D696E7C623A303B7C4E3B),
	('k3pp0ofcjq6q4c1onfmgjoogmg3d4sug', '::1', 1552396252, _binary 0x5F5F63695F6C6173745F726567656E65726174657C693A313535323339363235323B61646D696E7C623A313B7C4E3B),
	('u56ku5lsv312fucrkql7vhhk7k3i1g6n', '::1', 1552396897, _binary 0x5F5F63695F6C6173745F726567656E65726174657C693A313535323339363839373B61646D696E7C623A313B7C4E3B),
	('uc65cd44pmo39pvqt3iqiv8k5md41q94', '::1', 1552397364, _binary 0x5F5F63695F6C6173745F726567656E65726174657C693A313535323339373336343B61646D696E7C623A313B7C4E3B),
	('vapir8h4qcn6br294lpare11p3u3qga5', '::1', 1552398398, _binary 0x5F5F63695F6C6173745F726567656E65726174657C693A313535323339383339383B61646D696E7C623A313B7C4E3B),
	('skpqvo78msk6fh9aa66hn6tq5slmhl71', '::1', 1552398700, _binary 0x5F5F63695F6C6173745F726567656E65726174657C693A313535323339383730303B61646D696E7C623A303B7C4E3B),
	('ptoaro9rrq643jrngoob11hvaqtptane', '::1', 1552399015, _binary 0x5F5F63695F6C6173745F726567656E65726174657C693A313535323339393031353B61646D696E7C623A303B7C4E3B),
	('qr5idfsg02p4uca20rgnkrrdgkt1glod', '::1', 1552399325, _binary 0x5F5F63695F6C6173745F726567656E65726174657C693A313535323339393332353B61646D696E7C623A313B7C4E3B),
	('k6ln1e2eeivl0atjhpq7ae5ln6m2psce', '::1', 1552404252, _binary 0x5F5F63695F6C6173745F726567656E65726174657C693A313535323430343235323B61646D696E7C623A313B7C4E3B),
	('f1dff6btl0g45eh4epa51emd38di1v97', '::1', 1552404559, _binary 0x5F5F63695F6C6173745F726567656E65726174657C693A313535323430343535393B61646D696E7C623A303B7C4E3B),
	('7ath07e9jbeis36b2rvkqnm01vh6qc3o', '::1', 1552404619, _binary 0x5F5F63695F6C6173745F726567656E65726174657C693A313535323430343535393B61646D696E7C623A303B7C4E3B),
	('3aq5gjv84h7hk6unlrt2tg2cl1tafe3k', '::1', 1552461537, _binary 0x5F5F63695F6C6173745F726567656E65726174657C693A313535323436313533373B61646D696E7C623A313B7C4E3B),
	('6k5nlm1of988in7q8n58a2od9oq0bv7f', '::1', 1552463431, _binary 0x5F5F63695F6C6173745F726567656E65726174657C693A313535323436333433313B61646D696E7C623A313B7C4E3B),
	('f0gvdqr8359ejbnfruffuk4fho0sfkpq', '::1', 1552463770, _binary 0x5F5F63695F6C6173745F726567656E65726174657C693A313535323436333737303B61646D696E7C623A313B7C4E3B),
	('kalp4q2l8er6gkg8ekgu7b412e845d43', '::1', 1552464113, _binary 0x5F5F63695F6C6173745F726567656E65726174657C693A313535323436343131333B61646D696E7C623A313B7C4E3B),
	('vj35aoh8k1bvfub8mktia2iuvkkedgsf', '::1', 1552464461, _binary 0x5F5F63695F6C6173745F726567656E65726174657C693A313535323436343436313B61646D696E7C623A313B7C4E3B),
	('l4gltpf9g310ivufajs2f1klojqr5fah', '::1', 1552464794, _binary 0x5F5F63695F6C6173745F726567656E65726174657C693A313535323436343739343B61646D696E7C623A313B7C4E3B),
	('bfqoq5l7ohj73ms93pd56acj415c3cs3', '::1', 1552465226, _binary 0x5F5F63695F6C6173745F726567656E65726174657C693A313535323436353232363B61646D696E7C623A313B7C4E3B);
/*!40000 ALTER TABLE `ci_sessions` ENABLE KEYS */;

-- Export de la structure de la table camprieucros. galleries
CREATE TABLE IF NOT EXISTS `galleries` (
  `idIG` int(10) NOT NULL AUTO_INCREMENT,
  `titreIG` char(100) NOT NULL,
  `auteurIG` char(100) DEFAULT NULL,
  `droitUsage` char(100) DEFAULT NULL,
  `idT` int(10) NOT NULL,
  PRIMARY KEY (`idIG`),
  KEY `Gallerie_FK` (`idT`)
) ENGINE=MyISAM AUTO_INCREMENT=7 DEFAULT CHARSET=latin1;

-- Export de données de la table camprieucros.galleries : 4 rows
/*!40000 ALTER TABLE `galleries` DISABLE KEYS */;
INSERT INTO `galleries` (`idIG`, `titreIG`, `auteurIG`, `droitUsage`, `idT`) VALUES
	(2, 'borne6', 'Laurie', 'modifier', 5),
	(3, 'borne5', 'Victor', 'none', 7),
	(5, 'campdeNexon', 'Rimbaud', '', 9),
	(6, 'femmeInternes', NULL, 'aucun', 11);
/*!40000 ALTER TABLE `galleries` ENABLE KEYS */;

-- Export de la structure de la table camprieucros. information
CREATE TABLE IF NOT EXISTS `information` (
  `idInfo` int(10) NOT NULL AUTO_INCREMENT,
  `titreInfo` char(100) DEFAULT NULL,
  `motClésInfo` char(50) DEFAULT NULL,
  `idT` int(10) DEFAULT NULL,
  PRIMARY KEY (`idInfo`),
  KEY `Info_FK` (`idT`)
) ENGINE=MyISAM AUTO_INCREMENT=4 DEFAULT CHARSET=latin1;

-- Export de données de la table camprieucros.information : 2 rows
/*!40000 ALTER TABLE `information` DISABLE KEYS */;
INSERT INTO `information` (`idInfo`, `titreInfo`, `motClésInfo`, `idT`) VALUES
	(3, 'TanguyChap3', 'TanguyChap3 camp', 2),
	(2, 'DKatz', 'null', 5);
/*!40000 ALTER TABLE `information` ENABLE KEYS */;

-- Export de la structure de la table camprieucros. textes
CREATE TABLE IF NOT EXISTS `textes` (
  `idT` int(10) NOT NULL AUTO_INCREMENT,
  `contenuT` char(200) DEFAULT NULL,
  `auteurT` char(50) DEFAULT NULL,
  PRIMARY KEY (`idT`)
) ENGINE=MyISAM AUTO_INCREMENT=13 DEFAULT CHARSET=latin1;

-- Export de données de la table camprieucros.textes : 12 rows
/*!40000 ALTER TABLE `textes` DISABLE KEYS */;
INSERT INTO `textes` (`idT`, `contenuT`, `auteurT`) VALUES
	(1, 'Cette pierre a été créer par un espagnol', 'auteur1'),
	(2, 'C\'était un camp d\'aliéné pour femmes', 'Rimbaud'),
	(3, 'Vive les mémoires', 'Laurie'),
	(4, 'Visite jeudi aprem', 'Victor'),
	(5, 'null', 'louis4'),
	(6, 'C\'est la fin de la bd', 'Anonyme'),
	(7, 'ceci est un texte', 'Bidule'),
	(8, 'cette image est mon test', 'Truc'),
	(9, 'on test les fonctionnements', 'Anonyme'),
	(10, 'ceci est un texte', 'Me'),
	(11, 'Lorem ipsum dolor sit amet, consectetur adipiscing elit. Aliquam porttitor nisi felis, non fringilla nunc aliquam non. Ut sit amet turpis non felis', 'Me'),
	(12, 'Lorem ipsum en panne', 'Anonyme');
/*!40000 ALTER TABLE `textes` ENABLE KEYS */;

/*!40101 SET SQL_MODE=IFNULL(@OLD_SQL_MODE, '') */;
/*!40014 SET FOREIGN_KEY_CHECKS=IF(@OLD_FOREIGN_KEY_CHECKS IS NULL, 1, @OLD_FOREIGN_KEY_CHECKS) */;
/*!40101 SET CHARACTER_SET_CLIENT=@OLD_CHARACTER_SET_CLIENT */;
